time [ms],value [mm]
0,0.15901129
5,0.15897794
10,0.15901058
15,0.15897694
20,0.15888813
25,0.15892020
30,0.15886646
35,0.15887800
40,0.15892890
45,0.15888912
50,0.15888043
55,0.15883125
60,0.15884208
65,0.15893517
70,0.15887601
75,0.15886902
80,0.15892120
85,0.15883723
90,0.15889611
95,0.15889440
100,0.15885434
105,0.15893446
110,0.15887772
115,0.15886746
120,0.15881186
125,0.15889012
130,0.15888399
135,0.15887045
140,0.15890466
145,0.15888784
150,0.15881941
155,0.15881557
160,0.15893560
165,0.15886346
170,0.15889582
175,0.15884279
180,0.15887344
185,0.15882369
190,0.15883695
195,0.15887045
200,0.15880958
205,0.15878192
210,0.15885862
215,0.15879618
220,0.15888684
225,0.15882754
230,0.15885562
235,0.15882512
240,0.15890409
245,0.15888100
250,0.15889055
255,0.15885505
260,0.15883381
265,0.15881941
270,0.15892334
275,0.15888328
280,0.15889540
285,0.15885006
290,0.15886418
295,0.15883595
300,0.15888157
305,0.15882341
310,0.15890865
315,0.15876809
320,0.15895598
325,0.15891749
330,0.15883025
335,0.15879475
340,0.15885263
345,0.15883196
350,0.15885106
355,0.15889582
360,0.15881214
365,0.15883923
370,0.15892305
375,0.15884008
380,0.15889126
385,0.15888157
390,0.15884322
395,0.15880986
400,0.15884835
405,0.15882298
410,0.15880487
415,0.15889155
420,0.15886902
425,0.15880559
430,0.15886974
435,0.15878991
440,0.15881385
445,0.15887729
450,0.15882512
455,0.15885334
460,0.15886689
465,0.15882512
470,0.15884935
475,0.15885748
480,0.15881842
485,0.15881157
490,0.15889012
495,0.15881913
500,0.15892120
505,0.15875826
510,0.15887102
515,0.15884180
520,0.15883652
525,0.15882825
530,0.15887316
535,0.15891450
540,0.15885890
545,0.15883795
550,0.15880587
555,0.15887829
560,0.15881528
565,0.15889967
570,0.15884279
575,0.15884251
580,0.15888257
585,0.15884008
590,0.15888285
595,0.15883167
600,0.15889226
605,0.15882611
610,0.15885862
615,0.15877864
620,0.15884479
625,0.15884778
630,0.15883624
635,0.15889055
640,0.15887601
645,0.15883196
650,0.15894030
655,0.15890595
660,0.15892148
665,0.15894215
670,0.15883823
675,0.15886418
680,0.15884008
685,0.15889868
690,0.15889611
695,0.15887900
700,0.15890338
705,0.15883524
710,0.15887972
715,0.15886788
720,0.15889283
725,0.15887102
730,0.15875013
735,0.15889083
740,0.15880658
745,0.15890595
750,0.15884080
755,0.15892847
760,0.15880074
765,0.15889183
770,0.15890723
775,0.15883723
780,0.15879575
785,0.15885962
790,0.15889611
795,0.15886589
800,0.15885334
805,0.15891493
810,0.15886019
815,0.15886746
820,0.15882341
825,0.15874386
830,0.15880730
835,0.15881842
840,0.15881385
845,0.15884008
850,0.15889967
855,0.15880701
860,0.15885605
865,0.15886546
870,0.15879618
875,0.15885748
880,0.15887530
885,0.15876781
890,0.15886902
895,0.15885434
900,0.15883552
905,0.15885135
910,0.15885391
915,0.15879276
920,0.15879404
925,0.15879090
930,0.15889868
935,0.15885662
940,0.15878948
945,0.15886061
950,0.15881157
955,0.15878948
960,0.15872732
965,0.15887501
970,0.15892932
975,0.15887416
980,0.15886817
985,0.15877465
990,0.15877736
995,0.15885234
1000,0.15882711
1005,0.15873830
1010,0.15879931
1015,0.15879048
1020,0.15880102
1025,0.15879347
1030,0.15881713
1035,0.15883196
1040,0.15885135
1045,0.15885391
1050,0.15883823
1055,0.15882711
1060,0.15885035
1065,0.15878819
1070,0.15873003
1075,0.15886261
1080,0.15879803
1085,0.15879404
1090,0.15878392
1095,0.15888955
1100,0.15874315
1105,0.15886418
1110,0.15886888
1115,0.15884180
1120,0.15876196
1125,0.15878121
1130,0.15881528
1135,0.15879832
1140,0.15877665
1145,0.15888884
1150,0.15887501
1155,0.15881357
1160,0.15877494
1165,0.15881742
1170,0.15880031
1175,0.15880430
1180,0.15880003
1185,0.15889711
1190,0.15880901
1195,0.15876653
1200,0.15887316
1205,0.15881357
1210,0.15888456
1215,0.15890865
1220,0.15885990
1225,0.15888399
1230,0.15884564
1235,0.15883196
1240,0.15889255
1245,0.15883453
1250,0.15888228
1255,0.15881428
1260,0.15887972
1265,0.15886346
1270,0.15884707
1275,0.15882398
1280,0.15887601
1285,0.15882469
1290,0.15886817
1295,0.15892605
1300,0.15884180
1305,0.15879931
1310,0.15880758
1315,0.15887601
1320,0.15893203
1325,0.15891521
1330,0.15891222
1335,0.15884878
1340,0.15889782
1345,0.15890138
1350,0.15883652
1355,0.15887772
1360,0.15892020
1365,0.15890309
1370,0.15886646
1375,0.15890096
1380,0.15892248
1385,0.15893788
1390,0.15883823
1395,0.15889868
1400,0.15882925
1405,0.15890623
1410,0.15885434
1415,0.15891949
1420,0.15887929
1425,0.15884522
1430,0.15889012
1435,0.15889369
1440,0.15890495
1445,0.15885605
1450,0.15888499
1455,0.15885634
1460,0.15891250
1465,0.15893303
1470,0.15893688
1475,0.15891778
1480,0.15884379
1485,0.15883595
1490,0.15893303
1495,0.15889083
1500,0.15889226
1505,0.15888556
1510,0.15882440
1515,0.15888656
1520,0.15894871
1525,0.15880730
1530,0.15887501
1535,0.15888456
1540,0.15885662
1545,0.15889083
1550,0.15890766
1555,0.15890238
1560,0.15892148
1565,0.15884564
1570,0.15888185
1575,0.15884878
1580,0.15883595
1585,0.15880758
1590,0.15884778
1595,0.15887073
1600,0.15880829
1605,0.15885890
1610,0.15890623
1615,0.15886118
1620,0.15885035
1625,0.15887145
1630,0.15878848
1635,0.15885263
1640,0.15883752
1645,0.15881214
1650,0.15883795
1655,0.15883894
1660,0.15876510
1665,0.15872305
1670,0.15882968
1675,0.15878021
1680,0.15887444
1685,0.15882711
1690,0.15886888
1695,0.15884379
1700,0.15875783
1705,0.15876154
1710,0.15881457
1715,0.15883338
1720,0.15880929
1725,0.15881186
1730,0.15886418
1735,0.15889483
1740,0.15880345
1745,0.15872233
1750,0.15883723
1755,0.15887829
1760,0.15882269
1765,0.15885106
1770,0.15882754
1775,0.15886346
1780,0.15886845
1785,0.15886945
1790,0.15887202
1795,0.15878420
1800,0.15869511
1805,0.15883951
1810,0.15887416
1815,0.15883381
1820,0.15882241
1825,0.15886475
1830,0.15878677
1835,0.15883823
1840,0.15885391
1845,0.15881257
1850,0.15882868
1855,0.15886318
1860,0.15885192
1865,0.15879675
1870,0.15884935
1875,0.15891493
1880,0.15876809
1885,0.15889782
1890,0.15892177
1895,0.15891350
1900,0.15885890
1905,0.15889226
1910,0.15888599
1915,0.15886902
1920,0.15891849
1925,0.15887501
1930,0.15881913
1935,0.15886902
1940,0.15891949
1945,0.15880031
1950,0.15883381
1955,0.15883852
1960,0.15892120
1965,0.15891293
1970,0.15884878
1975,0.15884522
1980,0.15884108
1985,0.15886845
1990,0.15892405
1995,0.15885662
2000,0.15883624
2005,0.15897737
2010,0.15881485
2015,0.15881813
2020,0.15887829
2025,0.15880801
2030,0.15885192
2035,0.15885263
2040,0.15884536
2045,0.15883852
2050,0.15882398
2055,0.15889896
2060,0.15881314
2065,0.15884679
2070,0.15892733
2075,0.15885291
2080,0.15887344
2085,0.15889639
2090,0.15886517
2095,0.15885135
2100,0.15892605
2105,0.15885705
2110,0.15885434
2115,0.15888599
2120,0.15882740
2125,0.15889582
2130,0.15885962
2135,0.15883723
2140,0.15890210
2145,0.15885719
2150,0.15880559
2155,0.15886190
2160,0.15884180
2165,0.15887701
2170,0.15885263
2175,0.15886375
2180,0.15892733
2185,0.15883481
2190,0.15880345
2195,0.15888000
2200,0.15885790
2205,0.15879375
2210,0.15886517
2215,0.15887629
2220,0.15884251
2225,0.15889639
2230,0.15890438
2235,0.15887672
2240,0.15887601
2245,0.15885505
2250,0.15888257
2255,0.15885363
2260,0.15880388
2265,0.15884379
2270,0.15882269
2275,0.15885291
2280,0.15887530
2285,0.15890723
2290,0.15883424
2295,0.15888499
2300,0.15885505
2305,0.15886845
2310,0.15884351
2315,0.15878321
2320,0.15890865
2325,0.15887701
2330,0.15880487
2335,0.15884536
2340,0.15888955
2345,0.15887316
2350,0.15888128
2355,0.15883980
2360,0.15890138
2365,0.15888228
2370,0.15887629
2375,0.15891906
2380,0.15891749
2385,0.15876125
2390,0.15880031
2395,0.15883723
2400,0.15890965
2405,0.15887629
2410,0.15886261
2415,0.15888328
2420,0.15884351
2425,0.15893688
2430,0.15880274
2435,0.15882754
2440,0.15886190
2445,0.15884807
2450,0.15887558
2455,0.15882668
2460,0.15888157
2465,0.15878891
2470,0.15895570
2475,0.15892434
2480,0.15883923
2485,0.15886090
2490,0.15889226
2495,0.15889811
2500,0.15892861
2505,0.15892605
2510,0.15881186
2515,0.15777263
2520,0.15961530
2525,0.16541974
2530,0.16559779
2535,0.11366277
2540,0.08000238
2545,0.14142220
2550,0.14911180
2555,0.15371221
2560,0.15941886
2565,0.15459378
2570,0.15927217
2575,0.15474246
2580,0.15803935
2585,0.15660724
2590,0.15628121
2595,0.15424081
2600,0.15212970
2605,0.15216449
2610,0.15069388
2615,0.14886204
2620,0.14850979
2625,0.14932307
2630,0.14903967
2635,0.14787142
2640,0.14778332
2645,0.15238944
2650,0.14992736
2655,0.15014576
2660,0.15142035
2665,0.14996842
2670,0.15099795
2675,0.15037869
2680,0.15103288
2685,0.14997825
2690,0.15125541
2695,0.15026950
2700,0.15039979
2705,0.15080308
2710,0.15038995
2715,0.15074549
2720,0.14986649
2725,0.15128905
2730,0.15008788
2735,0.15080935
2740,0.15037570
2745,0.15109033
2750,0.15012281
2755,0.15072981
2760,0.15088662
2765,0.15025510
2770,0.15096075
2775,0.15025581
2780,0.15079880
2785,0.15034220
2790,0.15077386
2795,0.15047677
2800,0.15042217
2805,0.15077386
2810,0.15031198
2815,0.15067421
2820,0.15033863
2825,0.15082774
2830,0.15042545
2835,0.15060963
2840,0.15053893
2845,0.15038468
2850,0.15069060
2855,0.15044184
2860,0.15076887
2865,0.15047150
2870,0.15080550
2875,0.15047278
2880,0.15056587
2885,0.15053308
2890,0.15054620
2895,0.15061391
2900,0.15046822
2905,0.15061362
2910,0.15051041
2915,0.15062289
2920,0.15051355
2925,0.15051455
2930,0.15065639
2935,0.15051255
2940,0.15064285
2945,0.15061690
2950,0.15063045
2955,0.15054320
2960,0.15057685
2965,0.15050443
2970,0.15058326
2975,0.15059224
2980,0.15061491
2985,0.15060864
2990,0.15059053
2995,0.15065810
3000,0.15050699
3005,0.15064584
3010,0.15056302
3015,0.15052353
3020,0.15050314
3025,0.15052510
3030,0.15061918
3035,0.15047877
3040,0.15058925
3045,0.15054748
3050,0.15063900
3055,0.15060735
3060,0.15058012
3065,0.15050771
3070,0.15033521
3075,0.15048433
3080,0.15035118
3085,0.15063472
3090,0.15061662
3095,0.15046522
3100,0.15045368
3105,0.15052353
3110,0.15049545
3115,0.15051498
3120,0.15052709
3125,0.15054463
3130,0.15055960
3135,0.15053664
3140,0.15053622
3145,0.15049716
3150,0.15047905
3155,0.15057870
3160,0.15056516
3165,0.15053066
3170,0.15055119
3175,0.15050699
3180,0.15050343
3185,0.15056558
3190,0.15044954
3195,0.15049288
3200,0.15051455
3205,0.15056230
3210,0.15056729
3215,0.15054776
3220,0.15057713
3225,0.15060906
3230,0.15056501
3235,0.15043899
3240,0.15060864
3245,0.15059053
3250,0.15059096
3255,0.15056758
3260,0.15067720
3265,0.15060350
3270,0.15056159
3275,0.15046266
3280,0.15050699
3285,0.15052652
3290,0.15053208
3295,0.15062218
3300,0.15047478
3305,0.15051327
3310,0.15050699
3315,0.15055846
3320,0.15045681
3325,0.15052153
3330,0.15051982
3335,0.15053408
3340,0.15056658
3345,0.15052296
3350,0.15059367
3355,0.15064684
3360,0.15052909
3365,0.15052353
3370,0.15052966
3375,0.15055846
3380,0.15050842
3385,0.15053508
3390,0.15045639
3395,0.15053166
3400,0.15050842
3405,0.15048361
3410,0.15057770
3415,0.15058298
3420,0.15059053
3425,0.15050870
3430,0.15050414
3435,0.15060578
3440,0.15052054
3445,0.15053935
3450,0.15058212
3455,0.15053664
3460,0.15049331
3465,0.15055218
3470,0.15055290
3475,0.15044427
3480,0.15053893
3485,0.15050728
3490,0.15044284
3495,0.15055774
3500,0.15061462
3505,0.15055290
3510,0.15053836
3515,0.15059124
3520,0.15055119
3525,0.15053265
3530,0.15056957
3535,0.15121207
3540,0.15058568
3545,0.15059851
3550,0.15053893
3555,0.15061990
3560,0.15052153
3565,0.15055404
3570,0.15056829
3575,0.15060379
3580,0.15053137
3585,0.15062089
3590,0.15048233
3595,0.15058240
3600,0.15058012
3605,0.15058796
3610,0.15064484
3615,0.15059096
3620,0.15054320
3625,0.15055475
3630,0.15054563
3635,0.15051098
3640,0.15056758
3645,0.15057656
3650,0.15054691
3655,0.15055404
3660,0.15058369
3665,0.15063230
3670,0.15060550
3675,0.15058597
3680,0.15058668
3685,0.15057685
3690,0.15058796
3695,0.15060350
3700,0.15062318
3705,0.15056615
3710,0.15060279
3715,0.15063401
3720,0.15056501
3725,0.15065283
3730,0.15066494
3735,0.15069987
3740,0.15060108
3745,0.15064655
3750,0.15052610
3755,0.15055703
3760,0.15068633
3765,0.15070643
3770,0.15060735
3775,0.15067649
3780,0.15070643
3785,0.15065539
3790,0.15059623
3795,0.15057713
3800,0.15063643
3805,0.15061134
3810,0.15054805
3815,0.15067877
3820,0.15055475
3825,0.15053237
3830,0.15065767
3835,0.15059780
3840,0.15066822
3845,0.15061277
3850,0.15062617
3855,0.15073936
3860,0.15073579
3865,0.15060550
3870,0.15066723
3875,0.15057100
3880,0.15064827
3885,0.15056687
3890,0.15066494
3895,0.15057186
3900,0.15069531
3905,0.15059780
3910,0.15069959
3915,0.15072325
3920,0.15077086
3925,0.15070614
3930,0.15064071
3935,0.15081634
3940,0.15074036
3945,0.15072952
3950,0.15066566
3955,0.15058953
3960,0.15071969
3965,0.15067450
3970,0.15064100
3975,0.15081377
3980,0.15075019
3985,0.15075247
3990,0.15070971
3995,0.15064841
4000,0.15076502
4005,0.15070415
4010,0.15082817
4015,0.15066466
4020,0.15080194
4025,0.15072981
4030,0.15083302
4035,0.15076530
4040,0.15066010
4045,0.15082062
4050,0.15068904
4055,0.15081434
4060,0.15077058
4065,0.15083302
4070,0.15073608
4075,0.15077129
4080,0.15077443
4085,0.15072810
4090,0.15083188
4095,0.15074093
4100,0.15082717
4105,0.15066537
4110,0.15084200
4115,0.15084485
4120,0.15071527
4125,0.15078441
4130,0.15065211
4135,0.15083544
4140,0.15073736
4145,0.15088305
4150,0.15080023
4155,0.15076131
4160,0.15079096
4165,0.15076987
4170,0.15084656
4175,0.15075119
4180,0.15062817
4185,0.15084456
4190,0.15066167
4195,0.15085184
4200,0.15063401
4205,0.15090843
4210,0.15063501
4215,0.15086210
4220,0.15075219
4225,0.15069232
4230,0.15072083
4235,0.15072681
4240,0.15083544
4245,0.15074691
4250,0.15084428
4255,0.15074592
4260,0.15080080
4265,0.15071826
4270,0.15075176
4275,0.15068048
4280,0.15065981
4285,0.15070443
4290,0.15070087
4295,0.15071969
4300,0.15072525
4305,0.15074720
4310,0.15081734
4315,0.15076231
4320,0.15065981
4325,0.15078697
4330,0.15070058
4335,0.15074307
4340,0.15066651
4345,0.15075276
4350,0.15070971
4355,0.15074235
4360,0.15079296
4365,0.15069232
4370,0.15073993
4375,0.15066124
4380,0.15073579
4385,0.15069645
4390,0.15071242
4395,0.15075846
4400,0.15081463
4405,0.15084884
4410,0.15073052
4415,0.15071983
4420,0.15079624
4425,0.15075903
4430,0.15075048
4435,0.15072810
4440,0.15080337
4445,0.15071299
4450,0.15075846
4455,0.15071969
4460,0.15074891
4465,0.15078740
4470,0.15071427
4475,0.15075875
4480,0.15069189
4485,0.15073936
4490,0.15071897
4495,0.15077229
4500,0.15075148
4505,0.15070343
4510,0.15083601
4515,0.15076431
4520,0.15071969
4525,0.15076359
4530,0.15082119
4535,0.15081862
4540,0.15079595
4545,0.15072382
4550,0.15069588
4555,0.15072582
4560,0.15080579
4565,0.15069588
4570,0.15080550
4575,0.15072496
4580,0.15072425
4585,0.15075176
4590,0.15075704
4595,0.15069745
4600,0.15066851
4605,0.15065283
4610,0.15072525
4615,0.15073437
4620,0.15069289
4625,0.15072054
4630,0.15075048
4635,0.15080707
4640,0.15066993
4645,0.15078270
4650,0.15078940
4655,0.15081277
4660,0.15073437
4665,0.15071142
4670,0.15073408
4675,0.15070800
4680,0.15073964
4685,0.15077158
4690,0.15080807
4695,0.15072525
4700,0.15070543
4705,0.15073679
4710,0.15073009
4715,0.15082917
4720,0.15088833
4725,0.15074264
4730,0.15076573
4735,0.15073964
4740,0.15071598
4745,0.15076459
4750,0.15077785
4755,0.15075846
4760,0.15074307
4765,0.15074192
4770,0.15066993
4775,0.15079196
4780,0.15072681
4785,0.15074036
4790,0.15074449
4795,0.15074891
4800,0.15070472
4805,0.15071370
4810,0.15074977
4815,0.15075019
4820,0.15065012
4825,0.15071242
4830,0.15071726
4835,0.15078213
4840,0.15076074
4845,0.15064000
4850,0.15078241
4855,0.15074919
4860,0.15073337
4865,0.15069816
4870,0.15085511
4875,0.15083672
4880,0.15075746
4885,0.15079923
4890,0.15074492
4895,0.15084057
4900,0.15083672
4905,0.15081862
4910,0.15069018
4915,0.15073793
4920,0.15073679
4925,0.15083245
4930,0.15080907
4935,0.15077229
4940,0.15077756
4945,0.15073337
4950,0.15080080
4955,0.15073893
4960,0.15071042
4965,0.15064798
4970,0.15068376
4975,0.15074720
4980,0.15076231
4985,0.15077714
4990,0.15077970
4995,0.15076716
5000,0.15084756
5005,0.15072981
5010,0.15069018
5015,0.15069089
5020,0.15070614
5025,0.15083216
5030,0.15083045
5035,0.15071598
5040,0.15066822
5045,0.15078113
5050,0.15072781
5055,0.15071769
5060,0.15061462
5065,0.15070172
5070,0.15078241
5075,0.15073408
5080,0.15074663
5085,0.15069018
5090,0.15080308
5095,0.15073152
5100,0.15068904
5105,0.15076530
5110,0.15078312
5115,0.15074135
5120,0.15081035
5125,0.15078170
5130,0.15076117
5135,0.15075019
5140,0.15082846
5145,0.15080864
5150,0.15075575
5155,0.15069987
5160,0.15071655
5165,0.15083188
5170,0.15072952
5175,0.15071655
5180,0.15076074
5185,0.15071726
5190,0.15074620
5195,0.15077970
5200,0.15072382
5205,0.15065767
5210,0.15073508
5215,0.15073508
5220,0.15068562
5225,0.15070543
5230,0.15068433
5235,0.15072881
5240,0.15075048
5245,0.15074335
5250,0.15077086
5255,0.15073109
5260,0.15072681
5265,0.15065710
5270,0.15076602
5275,0.15077899
5280,0.15071598
5285,0.15068433
5290,0.15066295
5295,0.15070828
5300,0.15076858
5305,0.15076858
5310,0.15071926
5315,0.15067934
5320,0.15069688
5325,0.15069460
5330,0.15067649
5335,0.15075704
5340,0.15078113
5345,0.15071969
5350,0.15072710
5355,0.15062474
5360,0.15068205
5365,0.15071170
5370,0.15071455
5375,0.15070572
5380,0.15070686
5385,0.15070543
5390,0.15074349
5395,0.15069745
5400,0.15067806
5405,0.15060179
5410,0.15070643
5415,0.15065468
5420,0.15071170
5425,0.15067578
5430,0.15065739
5435,0.15064285
5440,0.15067877
5445,0.15077300
5450,0.15073366
5455,0.15063601
5460,0.15073537
5465,0.15065211
5470,0.15073865
5475,0.15067692
5480,0.15066238
5485,0.15072353
5490,0.15071498
5495,0.15073152
5500,0.15077386
5505,0.15065881
5510,0.15070771
5515,0.15076331
5520,0.15058369
5525,0.15069160
5530,0.15066338
5535,0.15074492
5540,0.15069232
5545,0.15074036
5550,0.15068305
5555,0.15078041
5560,0.15073237
5565,0.15068276
5570,0.15074307
5575,0.15074977
5580,0.15068733
5585,0.15074720
5590,0.15079880
5595,0.15069260
5600,0.15065668
5605,0.15074349
5610,0.15069189
5615,0.15065568
5620,0.15070201
5625,0.15074449
5630,0.15076003
5635,0.15070315
5640,0.15060407
5645,0.15071983
5650,0.15057713
5655,0.15075575
5660,0.15068077
5665,0.15071427
5670,0.15072639
5675,0.15077614
5680,0.15074549
5685,0.15065881
5690,0.15079681
5695,0.15062717
5700,0.15077899
5705,0.15072710
5710,0.15068048
5715,0.15073579
5720,0.15073152
5725,0.15063472
5730,0.15068248
5735,0.15063658
5740,0.15072453
5745,0.15071042
5750,0.15081106
5755,0.15073736
5760,0.15080750
5765,0.15070572
5770,0.15079353
5775,0.15069189
5780,0.15074036
5785,0.15061206
5790,0.15061733
5795,0.15074620
5800,0.15075746
5805,0.15072909
5810,0.15077314
5815,0.15079624
5820,0.15071897
5825,0.15075604
5830,0.15071498
5835,0.15074592
5840,0.15070472
5845,0.15067806
5850,0.15072553
5855,0.15070343
5860,0.15077443
5865,0.15068775
5870,0.15074620
5875,0.15076402
5880,0.15069060
5885,0.15067193
5890,0.15075447
5895,0.15070016
5900,0.15066751
5905,0.15074620
5910,0.15066238
5915,0.15081106
5920,0.15070643
5925,0.15066993
5930,0.15069289
5935,0.15080408
5940,0.15075518
5945,0.15064884
5950,0.15076987
5955,0.15076958
5960,0.15071099
5965,0.15065938
5970,0.15077899
5975,0.15083701
5980,0.15080508
5985,0.15077300
5990,0.15068148
5995,0.15066024
6000,0.15074349
6005,0.15072781
6010,0.15074720
6015,0.15077386
6020,0.15065938
6025,0.15068248
6030,0.15078441
6035,0.15074763
6040,0.15072810
6045,0.15082746
6050,0.15075076
6055,0.15071142
6060,0.15074264
6065,0.15072254
6070,0.15071455
6075,0.15070871
6080,0.15076787
6085,0.15070800
6090,0.15071726
6095,0.15075604
6100,0.15074520
6105,0.15069987
6110,0.15074492
6115,0.15076930
6120,0.15063857
6125,0.15065511
6130,0.15067906
6135,0.15063800
6140,0.15072781
6145,0.15076331
6150,0.15080579
6155,0.15081662
6160,0.15069160
6165,0.15076858
6170,0.15070315
6175,0.15072282
6180,0.15071555
6185,0.15068661
6190,0.15078270
6195,0.15069117
6200,0.15071170
6205,0.15071455
6210,0.15071769
6215,0.15068775
6220,0.15070928
6225,0.15068177
6230,0.15082675
6235,0.15075903
6240,0.15062717
6245,0.15072382
6250,0.15072353
6255,0.15071826
6260,0.15072282
6265,0.15080308
6270,0.15071897
6275,0.15073266
6280,0.15074064
6285,0.15073237
6290,0.15071655
6295,0.15077813
6300,0.15076958
6305,0.15074135
6310,0.15073936
6315,0.15085939
6320,0.15074691
6325,0.15066694
6330,0.15073679
6335,0.15075119
6340,0.15064456
6345,0.15073081
6350,0.15068661
6355,0.15070016
6360,0.15081106
6365,0.15077685
6370,0.15073537
6375,0.15072981
6380,0.15068205
6385,0.15070614
6390,0.15069260
6395,0.15070415
6400,0.15067692
6405,0.15069018
6410,0.15066395
6415,0.15076887
6420,0.15073708
6425,0.15074492
6430,0.15071299
6435,0.15069688
6440,0.15068504
6445,0.15070643
6450,0.15073152
6455,0.15074820
6460,0.15067977
6465,0.15157374
6470,0.15070686
6475,0.15074449
6480,0.15070158
6485,0.15066338
6490,0.15057513
6495,0.15059395
6500,0.15073765
6505,0.15073081
6510,0.15076046
6515,0.15071983
6520,0.15071555
6525,0.15069716
6530,0.15061833
6535,0.15072553
6540,0.15061320
6545,0.15060450
6550,0.15065083
6555,0.15076131
6560,0.15070115
6565,0.15078041
6570,0.15059395
6575,0.15068975
6580,0.15051455
6585,0.15057585
6590,0.15053066
6595,0.15037841
6600,0.15049758
6605,0.15046651
6610,0.15053935
6615,0.15049815
6620,0.15047549
6625,0.15050314
6630,0.15049359
6635,0.15036558
6640,0.15036230
6645,0.15031925
6650,0.15012737
6655,0.15009002
6660,0.15000463
6665,0.14991097
6670,0.14983684
6675,0.14973363
6680,0.14968716
6685,0.14966791
6690,0.14954374
6695,0.14949371
6700,0.14930225
6705,0.14938850
6710,0.14928486
6715,0.14925322
6720,0.14926177
6725,0.14917467
6730,0.14912691
6735,0.14901800
6740,0.14894031
6745,0.14884522
6750,0.14892890
6755,0.14887516
6760,0.14907687
6765,0.14898877
6770,0.14906476
6775,0.14908315
6780,0.14923882
6785,0.14930525
6790,0.14940946
6795,0.14960861
6800,0.14970341
6805,0.14985765
6810,0.14998795
6815,0.15010142
6820,0.15016101
6825,0.15029843
6830,0.15044455
6835,0.15060208
6840,0.15066623
6845,0.15080379
6850,0.15083116
6855,0.15090444
6860,0.15111713
6865,0.15121991
6870,0.15124928
6875,0.15140524
6880,0.15139098
6885,0.15148635
6890,0.15158414
6895,0.15164402
6900,0.15169206
6905,0.15171472
6910,0.15158144
6915,0.15156803
6920,0.15146212
6925,0.15145499
6930,0.15142648
6935,0.15136176
6940,0.15129575
6945,0.15122690
6950,0.15106282
6955,0.15104756
6960,0.15089531
6965,0.15092283
6970,0.15061990
6975,0.15061434
6980,0.15041718
6985,0.15025510
6990,0.15011953
6995,0.14996713
7000,0.14995274
7005,0.14978352
7010,0.14957012
7015,0.14942799
7020,0.14912292
7025,0.14899605
7030,0.14889925
7035,0.14889597
7040,0.14886304
7045,0.14875741
7050,0.14878635
7055,0.14877066
7060,0.14885748
7065,0.14884764
7070,0.14875855
7075,0.14893418
7080,0.14896012
7085,0.14889540
7090,0.14904794
7095,0.14901871
7100,0.14899077
7105,0.14925421
7110,0.14938651
7115,0.14935415
7120,0.14941473
7125,0.14943740
7130,0.14963199
7135,0.14976086
7140,0.14994090
7145,0.15007505
7150,0.15024056
7155,0.15018097
7160,0.15040806
7165,0.15056516
7170,0.15072125
7175,0.15078897
7180,0.15099952
7185,0.15107679
7190,0.15119069
7195,0.15142063
7200,0.15144601
7205,0.15147267
7210,0.15154936
7215,0.15168906
7220,0.15154936
7225,0.15156932
7230,0.15161622
7235,0.15157659
7240,0.15159298
7245,0.15141108
7250,0.15136803
7255,0.15139497
7260,0.15141008
7265,0.15126510
7270,0.15118926
7275,0.15113509
7280,0.15094535
7285,0.15096702
7290,0.15082560
7295,0.15074135
7300,0.15053536
7305,0.15053066
7310,0.15034947
7315,0.15018653
7320,0.15010370
7325,0.14991981
7330,0.14972892
7335,0.14952065
7340,0.14946277
7345,0.14924894
7350,0.14900232
7355,0.14887687
7360,0.14861727
7365,0.14870708
7370,0.14856938
7375,0.14864393
7380,0.14864892
7385,0.14868969
7390,0.14874814
7395,0.14892890
7400,0.14895014
7405,0.14896611
7410,0.14904138
7415,0.14918807
7420,0.14920517
7425,0.14950098
7430,0.14954403
7435,0.14966378
7440,0.14987348
7445,0.15006593
7450,0.15015602
7455,0.15034419
7460,0.15043201
7465,0.15063928
7470,0.15073679
7475,0.15090743
7480,0.15099268
7485,0.15119924
7490,0.15121991
7495,0.15143418
7500,0.15147423
7505,0.15151600
7510,0.15155848
7515,0.15163746
7520,0.15163019
7525,0.15163062
7530,0.15163432
7535,0.15164102
7540,0.15168422
7545,0.15152156
7550,0.15146368
7555,0.15146967
7560,0.15138385
7565,0.15131571
7570,0.15125755
7575,0.15113010
7580,0.15103288
7585,0.15088248
7590,0.15089104
7595,0.15072325
7600,0.15059124
7605,0.15058668
7610,0.15036629
7615,0.15022545
7620,0.15007505
7625,0.14999707
7630,0.14989942
7635,0.14976257
7640,0.14951751
7645,0.14933561
7650,0.14933462
7655,0.14930197
7660,0.14927987
7665,0.14918065
7670,0.14921900
7675,0.14941302
7680,0.14927332
7685,0.14934231
7690,0.14937082
7695,0.14952935
7700,0.14951880
7705,0.14959863
7710,0.14974004
7715,0.14983484
7720,0.14991097
7725,0.14996058
7730,0.15000962
7735,0.15019066
7740,0.15039352
7745,0.15032680
7750,0.15052880
7755,0.15064100
7760,0.15071698
7765,0.15092525
7770,0.15112925
7775,0.15113110
7780,0.15126967
7785,0.15145085
7790,0.15152783
7795,0.15160824
7800,0.15175421
7805,0.15179769
7810,0.15179014
7815,0.15177531
7820,0.15176348
7825,0.15166882
7830,0.15164573
7835,0.15157830
7840,0.15154280
7845,0.15146468
7850,0.15142006
7855,0.15135777
7860,0.15115676
7865,0.15118085
7870,0.15104129
7875,0.15106524
7880,0.15081335
7885,0.15078569
7890,0.15064484
7895,0.15053622
7900,0.15042673
7905,0.15036529
7910,0.15025139
7915,0.15012908
7920,0.14983755
7925,0.14982501
7930,0.14964909
7935,0.14953491
7940,0.14929413
7945,0.14925763
7950,0.14910881
7955,0.14903439
7960,0.14894344
7965,0.14901672
7970,0.14906020
7975,0.14906433
7980,0.14911936
7985,0.14920888
7990,0.14908771
7995,0.14922984
8000,0.14927004
8005,0.14933918
8010,0.14936484
8015,0.14956969
8020,0.14953662
8025,0.14968944
8030,0.14979963
8035,0.14982743
8040,0.14997141
8045,0.15013464
8050,0.15024426
8055,0.15039979
8060,0.15053836
8065,0.15070115
8070,0.15079039
8075,0.15097258
8080,0.15111499
8085,0.15111171
8090,0.15136903
8095,0.15145428
8100,0.15162563
8105,0.15162363
8110,0.15169348
8115,0.15172342
8120,0.15162135
8125,0.15174124
8130,0.15171715
8135,0.15163946
8140,0.15148706
8145,0.15148150
8150,0.15130032
8155,0.15126339
8160,0.15126068
8165,0.15113709
8170,0.15111955
8175,0.15103873
8180,0.15089531
8185,0.15084585
8190,0.15078498
8195,0.15063757
8200,0.15052952
8205,0.15052510
8210,0.15039095
8215,0.15033336
8220,0.15007647
8225,0.15006593
8230,0.14988759
8235,0.14974346
8240,0.14958124
8245,0.14945550
8250,0.14925692
8255,0.14915585
8260,0.14913618
8265,0.14910553
8270,0.14912919
8275,0.14906233
8280,0.14902983
8285,0.14908586
8290,0.14906433
8295,0.14907303
8300,0.14912848
8305,0.14918279
8310,0.14913746
8315,0.14925521
8320,0.14923540
8325,0.14930154
8330,0.14939905
8335,0.14946206
8340,0.14954574
8345,0.14963412
8350,0.14975401
8355,0.14997312
8360,0.15001033
8365,0.15010199
8370,0.15022644
8375,0.15037812
8380,0.15055703
8385,0.15064827
8390,0.15084057
8395,0.15106111
8400,0.15117002
8405,0.15140581
8410,0.15147894
8415,0.15159213
8420,0.15169462
8425,0.15182007
8430,0.15182278
8435,0.15182905
8440,0.15182692
8445,0.15178814
8450,0.15176875
8455,0.15166569
8460,0.15164573
8465,0.15156219
8470,0.15144971
8475,0.15149890
8480,0.15129689
8485,0.15136447
8490,0.15121535
8495,0.15102917
8500,0.15102946
8505,0.15083330
8510,0.15077785
8515,0.15066965
8520,0.15057243
8525,0.15051783
8530,0.15034419
8535,0.15025795
8540,0.15014162
8545,0.15005409
8550,0.14983228
8555,0.14974603
8560,0.14954631
8565,0.14938978
8570,0.14937596
8575,0.14919833
8580,0.14918251
8585,0.14913190
8590,0.14909042
8595,0.14896611
8600,0.14903938
8605,0.14907559
8610,0.14909113
8615,0.14904965
8620,0.14914102
8625,0.14912663
8630,0.14912948
8635,0.14920019
8640,0.14931081
8645,0.14927260
8650,0.14940432
8655,0.14943711
8660,0.14956384
8665,0.14967632
8670,0.14971581
8675,0.14986920
8680,0.15008859
8685,0.15007647
8690,0.15027634
8695,0.15045154
8700,0.15049758
8705,0.15074064
8710,0.15086139
8715,0.15101863
8720,0.15123317
8725,0.15143275
8730,0.15152855
8735,0.15163390
8740,0.15177503
8745,0.15183119
8750,0.15199542
8755,0.15185628
8760,0.15187567
8765,0.15171415
8770,0.15178586
8775,0.15173254
8780,0.15158215
8785,0.15157203
8790,0.15147523
8795,0.15139925
8800,0.15135363
8805,0.15116204
8810,0.15108377
8815,0.15096731
8820,0.15091627
8825,0.15077813
8830,0.15076673
8835,0.15056558
8840,0.15036387
8845,0.15022701
8850,0.14996542
8855,0.14993335
8860,0.14971524
8865,0.14960761
8870,0.14948287
8875,0.14945336
8880,0.14968944
8885,0.14994575
8890,0.14992708
8895,0.15006849
8900,0.15004511
8905,0.14997925
8910,0.14996329
8915,0.14992109
8920,0.14990470
8925,0.14998895
8930,0.15000006
8935,0.15008460
8940,0.15016942
8945,0.15017441
8950,0.15023671
8955,0.15024441
8960,0.15042930
8965,0.15053037
8970,0.15052538
8975,0.15067792
8980,0.15086595
8985,0.15096916
8990,0.15105127
8995,0.15116631
9000,0.15139568
9005,0.15149006
9010,0.15172984
9015,0.15189007
9020,0.15201537
9025,0.15216320
9030,0.15238288
9035,0.15251660
9040,0.15266001
9045,0.15277391
9050,0.15287484
9055,0.15288610
9060,0.15286372
9065,0.15290735
9070,0.15286230
9075,0.15277477
9080,0.15276978
9085,0.15269280
9090,0.15266557
9095,0.15259672
9100,0.15254026
9105,0.15245701
9110,0.15236164
9115,0.15224902
9120,0.15221324
9125,0.15200924
9130,0.15193483
9135,0.15182535
9140,0.15163746
9145,0.15150617
9150,0.15131015
9155,0.15109760
9160,0.15097130
9165,0.15075347
9170,0.15051569
9175,0.15028004
9180,0.15004340
9185,0.14986050
9190,0.14975501
9195,0.14963455
9200,0.14963755
9205,0.14969471
9210,0.14969343
9215,0.14967375
9220,0.14976969
9225,0.14972536
9230,0.14975002
9235,0.14971709
9240,0.14977839
9245,0.14990298
9250,0.14987832
9255,0.15004340
9260,0.15015631
9265,0.15026451
9270,0.15034320
9275,0.15057143
9280,0.15074862
9285,0.15087365
9290,0.15105241
9295,0.15118114
9300,0.15129205
9305,0.15145014
9310,0.15166939
9315,0.15179741
9320,0.15197432
9325,0.15210276
9330,0.15228951
9335,0.15251660
9340,0.15264262
9345,0.15285674
9350,0.15306430
9355,0.15307257
9360,0.15315568
9365,0.15310550
9370,0.15296793
9375,0.15283692
9380,0.15279202
9385,0.15266358
9390,0.15255039
9395,0.15252287
9400,0.15236620
9405,0.15229222
9410,0.15216320
9415,0.15199057
9420,0.15183119
9425,0.15169249
9430,0.15157374
9435,0.15135049
9440,0.15121336
9445,0.15101406
9450,0.15085355
9455,0.15058896
9460,0.15035931
9465,0.15013435
9470,0.14996157
9475,0.14983755
9480,0.14977525
9485,0.14979578
9490,0.14970070
9495,0.14969742
9500,0.14964738
9505,0.14964610
9510,0.14957525
9515,0.14956085
9520,0.14947503
9525,0.14944011
9530,0.14957325
9535,0.14963455
9540,0.14960419
9545,0.14961488
9550,0.14980690
9555,0.14981346
9560,0.14991282
9565,0.15007676
9570,0.15009087
9575,0.15023699
9580,0.15039380
9585,0.15046964
9590,0.15067720
9595,0.15082461
9600,0.15094792
9605,0.15113866
9610,0.15125912
9615,0.15149790
9620,0.15156290
9625,0.15171415
9630,0.15197275
9635,0.15212714
9640,0.15223306
9645,0.15238488
9650,0.15249522
9655,0.15260142
9660,0.15270349
9665,0.15276265
9670,0.15267355
9675,0.15274982
9680,0.15265802
9685,0.15256293
9690,0.15254682
9695,0.15248453
9700,0.15237447
9705,0.15227112
9710,0.15211317
9715,0.15212543
9720,0.15203291
9725,0.15193697
9730,0.15178786
9735,0.15170916
9740,0.15154409
9745,0.15142434
9750,0.15123944
9755,0.15117700
9760,0.15086695
9765,0.15068661
9770,0.15046138
9775,0.15024583
9780,0.15009486
9785,0.14993121
9790,0.14981802
9795,0.14984382
9800,0.14984938
9805,0.14974603
9810,0.14979379
9815,0.14963526
9820,0.14960062
9825,0.14964867
9830,0.14957767
9835,0.14958509
9840,0.14955401
9845,0.14962101
9850,0.14967974
9855,0.14960633
9860,0.14971738
9865,0.14978666
9870,0.14987661
9875,0.15000819
9880,0.15004411
9885,0.15017669
9890,0.15027776
9895,0.15039851
9900,0.15049259
9905,0.15074862
9910,0.15085141
9915,0.15105027
9920,0.15116874
9925,0.15133838
9930,0.15149433
9935,0.15158357
9940,0.15182592
9945,0.15197631
9950,0.15219785
9955,0.15236492
9960,0.15247241
9965,0.15260370
9970,0.15285303
9975,0.15292189
9980,0.15298632
9985,0.15297620
9990,0.15301982
9995,0.15298176
10000,0.15288796
10005,0.15277876
10010,0.15269351
10015,0.15263335
10020,0.15253984
10025,0.15245003
10030,0.15234026
10035,0.15225957
10040,0.15209050
10045,0.15193626
10050,0.15183632
10055,0.15166939
10060,0.15156091
10065,0.15142192
10070,0.15126796
10075,0.15107978
10080,0.15094336
10085,0.15071299
10090,0.15037285
10095,0.15016842
10100,0.14995986
10105,0.14980377
10110,0.14972636
10115,0.14966164
10120,0.14970497
10125,0.14973791
10130,0.14969157
10135,0.14961816
10140,0.14964539
10145,0.14958950
10150,0.14948686
10155,0.14954246
10160,0.14954474
10165,0.14971182
10170,0.14973334
10175,0.14979022
10180,0.14991182
10185,0.15004583
10190,0.15015702
10195,0.15022673
10200,0.15036130
10205,0.15048461
10210,0.15066723
10215,0.15077414
10220,0.15094165
10225,0.15104257
10230,0.15117458
10235,0.15138770
10240,0.15148849
10245,0.15151900
10250,0.15175350
10255,0.15182278
10260,0.15202136
10265,0.15207796
10270,0.15227140
10275,0.15243534
10280,0.15241068
10285,0.15251232
10290,0.15246286
10295,0.15255138
10300,0.15248567
10305,0.15239258
10310,0.15236620
10315,0.15232344
10320,0.15212799
10325,0.15200354
10330,0.15193953
10335,0.15180368
10340,0.15172599
10345,0.15166184
10350,0.15137273
10355,0.15122889
10360,0.15107094
10365,0.15085027
10370,0.15057585
10375,0.15035731
10380,0.15005210
10385,0.14984482
10390,0.14969343
10395,0.14955429
10400,0.14955586
10405,0.14949870
10410,0.14950625
10415,0.14939107
10420,0.14942129
10425,0.14934431
10430,0.14929498
10435,0.14931181
10440,0.14927987
10445,0.14939905
10450,0.14938779
10455,0.14941772
10460,0.14952892
10465,0.14964981
10470,0.14969200
10475,0.14993534
10480,0.14996086
10485,0.15010698
10490,0.15022901
10495,0.15031882
10500,0.15054106
10505,0.15072225
10510,0.15078940
10515,0.15091926
10520,0.15108577
10525,0.15120737
10530,0.15135021
10535,0.15151272
10540,0.15174167
10545,0.15192899
10550,0.15199413
10555,0.15216791
10560,0.15223961
10565,0.15241453
10570,0.15248210
10575,0.15255338
10580,0.15257305
10585,0.15263891
10590,0.15259814
10595,0.15263136
10600,0.15253299
10605,0.15249807
10610,0.15250790
10615,0.15235038
10620,0.15222308
10625,0.15218815
10630,0.15212899
10635,0.15193882
10640,0.15184302
10645,0.15169904
10650,0.15153582
10655,0.15139497
10660,0.15123631
10665,0.15112982
10670,0.15088177
10675,0.15066993
10680,0.15044156
10685,0.15014048
10690,0.14995830
10695,0.14968787
10700,0.14961645
10705,0.14965565
10710,0.14948159
10715,0.14937168
10720,0.14938907
10725,0.14933462
10730,0.14930425
10735,0.14928158
10740,0.14921273
10745,0.14921872
10750,0.14919306
10755,0.14917395
10760,0.14923155
10765,0.14926605
10770,0.14934673
10775,0.14940718
10780,0.14948886
10785,0.14955258
10790,0.14959735
10795,0.14972764
10800,0.14978666
10805,0.14983028
10810,0.14999636
10815,0.15014219
10820,0.15025139
10825,0.15037613
10830,0.15042474
10835,0.15064755
10840,0.15068048
10845,0.15086823
10850,0.15101606
10855,0.15113281
10860,0.15115377
10865,0.15133025
10870,0.15145599
10875,0.15155620
10880,0.15164573
10885,0.15174794
10890,0.15185628
10895,0.15197532
10900,0.15215893
10905,0.15209606
10910,0.15213526
10915,0.15217005
10920,0.15224147
10925,0.15219343
10930,0.15226200
10935,0.15221624
10940,0.15226884
10945,0.15221809
10950,0.15222607
10955,0.15221709
10960,0.15228566
10965,0.15224018
10970,0.15214424
10975,0.15212856
10980,0.15216848
10985,0.15212087
10990,0.15211417
10995,0.15208052
11000,0.15211160
11005,0.15209121
11010,0.15211160
11015,0.15210761
11020,0.15211417
11025,0.15212571
11030,0.15226855
11035,0.15224175
11040,0.15222807
11045,0.15225530
11050,0.15227169
11055,0.15234653
11060,0.15236293
11065,0.15229920
11070,0.15232543
11075,0.15241168
11080,0.15236064
11085,0.15239215
11090,0.15238830
11095,0.15236749
11100,0.15243534
11105,0.15246500
11110,0.15251033
11115,0.15253470
11120,0.15250306
11125,0.15241795
11130,0.15250234
11135,0.15249393
11140,0.15253228
11145,0.15257220
11150,0.15257847
11155,0.15257676
11160,0.15253371
11165,0.15258788
11170,0.15251945
11175,0.15247212
11180,0.15251232
11185,0.15250206
11190,0.15246400
11195,0.15247939
11200,0.15245402
11205,0.15248367
11210,0.15243335
11215,0.15244518
11220,0.15238288
11225,0.15237618
11230,0.15226613
11235,0.15220141
11240,0.15218259
11245,0.15214482
11250,0.15206940
11255,0.15204389
11260,0.15199641
11265,0.15194053
11270,0.15190461
11275,0.15176391
11280,0.15175621
11285,0.15166184
11290,0.15161665
11295,0.15161836
11300,0.15154066
11305,0.15139996
11310,0.15133866
11315,0.15126411
11320,0.15125128
11325,0.15117387
11330,0.15103701
11335,0.15098014
11340,0.15097857
11345,0.15090472
11350,0.15084727
11355,0.15077785
11360,0.15070999
11365,0.15067122
11370,0.15071370
11375,0.15057713
11380,0.15055218
11385,0.15052125
11390,0.15043343
11395,0.15034648
11400,0.15032709
11405,0.15035503
11410,0.15030741
11415,0.15023885
11420,0.15015759
11425,0.15016486
11430,0.15009743
11435,0.15004226
11440,0.14996428
11445,0.14990070
11450,0.14987020
11455,0.14988944
11460,0.14972365
11465,0.14969157
11470,0.14965038
11475,0.14965394
11480,0.14954175
11485,0.14937496
11490,0.14949413
11495,0.14926248
11500,0.14934759
11505,0.14925236
11510,0.14915984
11515,0.14919306
11520,0.14914445
11525,0.14904665
11530,0.14903753
11535,0.14903126
11540,0.14897623
11545,0.14892220
11550,0.14897138
11555,0.14887758
11560,0.14891864
11565,0.14886903
11570,0.14874914
11575,0.14891564
11580,0.14881885
11585,0.14884850
11590,0.14878777
11595,0.14886304
11600,0.14888086
11605,0.14880973
11610,0.14890053
11615,0.14891436
11620,0.14882826
11625,0.14890481
11630,0.14894358
11635,0.14899006
11640,0.14905677
11645,0.14894301
11650,0.14913219
11655,0.14910581
11660,0.14916084
11665,0.14911864
11670,0.14917125
11675,0.14923839
11680,0.14929598
11685,0.14937995
11690,0.14931865
11695,0.14945522
11700,0.14947361
11705,0.14957995
11710,0.14966877
11715,0.14971110
11720,0.14976257
11725,0.14989044
11730,0.14987376
11735,0.14994803
11740,0.14996585
11745,0.15003684
11750,0.15011625
11755,0.15019152
11760,0.15026222
11765,0.15031326
11770,0.15040934
11775,0.15046066
11780,0.15046893
11785,0.15061177
11790,0.15063572
11795,0.15066466
11800,0.15081335
11805,0.15086467
11810,0.15083188
11815,0.15099553
11820,0.15102490
11825,0.15104685
11830,0.15113181
11835,0.15112925
11840,0.15117700
11845,0.15131372
11850,0.15127765
11855,0.15137943
11860,0.15138214
11865,0.15144202
11870,0.15151315
11875,0.15153482
11880,0.15148906
11885,0.15164373
11890,0.15166412
11895,0.15176020
11900,0.15181651
11905,0.15174438
11910,0.15181337
11915,0.15188793
11920,0.15194467
11925,0.15190076
11930,0.15201580
11935,0.15207211
11940,0.15201851
11945,0.15213484
11950,0.15216064
11955,0.15219870
11960,0.15221281
11965,0.15221395
11970,0.15229222
11975,0.15234625
11980,0.15241325
11985,0.15236093
11990,0.15234211
11995,0.15244162
12000,0.15245972
12005,0.15245274
12010,0.15254026
12015,0.15258859
12020,0.15261525
12025,0.15267612
12030,0.15268966
12035,0.15272773
12040,0.15278275
12045,0.15275837
12050,0.15271361
12055,0.15277192
12060,0.15273728
12065,0.15272944
12070,0.15272445
12075,0.15273599
12080,0.15277705
12085,0.15269066
12090,0.15269907
12095,0.15268097
12100,0.15262808
12105,0.15266129
12110,0.15263706
12115,0.15264989
12120,0.15253114
12125,0.15256992
12130,0.15248524
12135,0.15245402
12140,0.15241253
12145,0.15241353
12150,0.15246357
12155,0.15234653
12160,0.15236891
12165,0.15233955
12170,0.15227896
12175,0.15222636
12180,0.15213027
12185,0.15206655
12190,0.15198786
12195,0.15188422
12200,0.15190988
12205,0.15183747
12210,0.15184274
12215,0.15174167
12220,0.15160196
12225,0.15159469
12230,0.15150859
12235,0.15146639
12240,0.15135149
12245,0.15133382
12250,0.15123417
12255,0.15122690
12260,0.15107493
12265,0.15103146
12270,0.15096559
12275,0.15090373
12280,0.15091755
12285,0.15088305
12290,0.15081377
12295,0.15075518
12300,0.15078797
12305,0.15068733
12310,0.15071798
12315,0.15062645
12320,0.15069232
12325,0.15056729
12330,0.15054563
12335,0.15056786
12340,0.15044883
12345,0.15048818
12350,0.15038568
12355,0.15040977
12360,0.15045995
12365,0.15036002
12370,0.15037841
12375,0.15048105
12380,0.15043030
12385,0.15042260
12390,0.15037413
12395,0.15039095
12400,0.15039309
12405,0.15038497
12410,0.15041690
12415,0.15042901
12420,0.15041433
12425,0.15045781
12430,0.15041433
12435,0.15039908
12440,0.15039822
12445,0.15041390
12450,0.15044954
12455,0.15045781
12460,0.15051925
12465,0.15055332
12470,0.15048076
12475,0.15049687
12480,0.15057770
12485,0.15050072
12490,0.15053066
12495,0.15062147
12500,0.15067792
12505,0.15073052
12510,0.15076359
12515,0.15084100
12520,0.15084300
12525,0.15088705
12530,0.15088605
12535,0.15092212
12540,0.15106382
12545,0.15114493
12550,0.15113310
12555,0.15118157
12560,0.15121606
12565,0.15130687
12570,0.15127195
12575,0.15117629
12580,0.15129732
12585,0.15124329
12590,0.15121535
12595,0.15124215
12600,0.15121963
12605,0.15123902
12610,0.15123046
12615,0.15140167
12620,0.15131799
12625,0.15153382
12630,0.15143375
12635,0.15135577
12640,0.15141564
12645,0.15134180
12650,0.15143218
12655,0.15136119
12660,0.15141564
12665,0.15136475
12670,0.15145328
12675,0.15144729
12680,0.15131942
12685,0.15149704
12690,0.15128079
12695,0.15154166
12700,0.15129005
12705,0.15148550
12710,0.15141008
12715,0.15139540
12720,0.15151700
12725,0.15140752
12730,0.15151843
12735,0.15138457
12740,0.15144658
12745,0.15141208
12750,0.15149177
12755,0.15142747
12760,0.15147067
12765,0.15149262
12770,0.15133096
12775,0.15158614
12780,0.15131072
12785,0.15148877
12790,0.15138713
12795,0.15149334
12800,0.15141080
12805,0.15139298
12810,0.15148022
12815,0.15137687
12820,0.15144102
12825,0.15135819
12830,0.15152954
12835,0.15145085
12840,0.15150331
12845,0.15148150
12850,0.15144273
12855,0.15143161
12860,0.15142534
12865,0.15150232
12870,0.15142747
12875,0.15142633
12880,0.15146867
12885,0.15148279
12890,0.15146539
12895,0.15144344
12900,0.15153653
12905,0.15148450
12910,0.15150588
12915,0.15148906
12920,0.15142092
12925,0.15138884
12930,0.15143475
12935,0.15144629
12940,0.15141778
12945,0.15144501
12950,0.15144971
12955,0.15144002
12960,0.15145128
12965,0.15142092
12970,0.15143517
12975,0.15145456
12980,0.15145256
12985,0.15151515
12990,0.15137031
12995,0.15149576
13000,0.15149576
13005,0.15147552
13010,0.15147723
13015,0.15144415
13020,0.15143475
13025,0.15148749
13030,0.15134764
13035,0.15138186
13040,0.15137587
13045,0.15146739
13050,0.15137316
13055,0.15147523
13060,0.15148051
13065,0.15149177
13070,0.15145356
13075,0.15142633
13080,0.15137459
13085,0.15139269
13090,0.15141978
13095,0.15146611
13100,0.15141636
13105,0.15138813
13110,0.15147038
13115,0.15147994
13120,0.15133909
13125,0.15139397
13130,0.15142747
13135,0.15143090
13140,0.15144073
13145,0.15142363
13150,0.15137202
13155,0.15148022
13160,0.15149362
13165,0.15143061
13170,0.15148977
13175,0.15143275
13180,0.15142819
13185,0.15141051
13190,0.15138913
13195,0.15142961
13200,0.15149604
13205,0.15144102
13210,0.15142747
13215,0.15143218
13220,0.15150260
13225,0.15143717
13230,0.15139611
13235,0.15145228
13240,0.15142648
13245,0.15141564
13250,0.15139169
13255,0.15137231
13260,0.15147395
13265,0.15143788
13270,0.15142163
13275,0.15139925
13280,0.15145000
13285,0.15139540
13290,0.15145741
13295,0.15141422
13300,0.15144344
13305,0.15139340
13310,0.15137730
13315,0.15140224
13320,0.15141179
13325,0.15146112
13330,0.15142263
13335,0.15141080
13340,0.15147552
13345,0.15141080
13350,0.15144529
13355,0.15140794
13360,0.15148706
13365,0.15142063
13370,0.15148849
13375,0.15145256
13380,0.15149177
13385,0.15139754
13390,0.15141906
13395,0.15141536
13400,0.15145984
13405,0.15143346
13410,0.15144529
13415,0.15137687
13420,0.15137829
13425,0.15174708
13430,0.15201580
13435,0.15147195
13440,0.15101577
13445,0.15228666
13450,0.15108905
13455,0.15190817
13460,0.15084200
13465,0.15197104
13470,0.15160624
13475,0.15116275
13480,0.15183675
13485,0.15113866
13490,0.15202478
13495,0.15111713
13500,0.15171587
13505,0.15138186
13510,0.15143546
13515,0.15151942
13520,0.15119411
13525,0.15182036
13530,0.15110017
13535,0.15166283
13540,0.15122718
13545,0.15152498
13550,0.15149604
13555,0.15138314
13560,0.15154893
13565,0.15125684
13570,0.15165385
13575,0.15140623
13580,0.15155392
13585,0.15142120
13590,0.15151942
13595,0.15146212
13600,0.15150232
13605,0.15142919
13610,0.15145000
13615,0.15143218
13620,0.15141878
13625,0.15146967
13630,0.15142690
13635,0.15139241
13640,0.15153411
13645,0.15151629
13650,0.15145185
13655,0.15153582
13660,0.15143617
13665,0.15146083
13670,0.15149961
13675,0.15144002
13680,0.15157160
13685,0.15142491
13690,0.15140025
13695,0.15141878
13700,0.15145684
13705,0.15142491
13710,0.15154166
13715,0.15140124
13720,0.15137986
13725,0.15146996
13730,0.15144872
13735,0.15143218
13740,0.15145385
13745,0.15147138
13750,0.15138485
13755,0.15145855
13760,0.15142819
13765,0.15154309
13770,0.15151486
13775,0.15147552
13780,0.15146311
13785,0.15149704
13790,0.15149790
13795,0.15151415
13800,0.15148179
13805,0.15143574
13810,0.15144415
13815,0.15143475
13820,0.15148706
13825,0.15150331
13830,0.15148279
13835,0.15148749
13840,0.15150132
13845,0.15140524
13850,0.15149505
13855,0.15142434
13860,0.15148550
13865,0.15146440
13870,0.15154038
13875,0.15146468
13880,0.15147723
13885,0.15143418
13890,0.15144344
13895,0.15151700
13900,0.15146539
13905,0.15150716
13910,0.15152570
13915,0.15147338
13920,0.15143546
13925,0.15147765
13930,0.15148607
13935,0.15144701
13940,0.15150232
13945,0.15144800
13950,0.15145641
13955,0.15145984
13960,0.15152570
13965,0.15151515
13970,0.15146055
13975,0.15146810
13980,0.15145256
13985,0.15146055
13990,0.15149148
13995,0.15145955
14000,0.15151843
14005,0.15145385
14010,0.15143018
14015,0.15141607
14020,0.15145456
14025,0.15144971
14030,0.15145499
14035,0.15145014
14040,0.15146083
14045,0.15146782
14050,0.15142363
14055,0.15139925
14060,0.15145428
14065,0.15140581
14070,0.15145641
14075,0.15137459
14080,0.15140695
14085,0.15143617
14090,0.15142120
14095,0.15145527
14100,0.15142006
14105,0.15142990
14110,0.15148849
14115,0.15148150
14120,0.15148706
14125,0.15149790
14130,0.15147038
14135,0.15142847
14140,0.15136133
14145,0.15145784
14150,0.15147623
14155,0.15139754
14160,0.15135948
14165,0.15144501
14170,0.15143831
14175,0.15139611
14180,0.15142234
14185,0.15148550
14190,0.15134665
14195,0.15143246
14200,0.15144872
14205,0.15140794
14210,0.15150545
14215,0.15146155
14220,0.15140196
14225,0.15146639
14230,0.15146055
14235,0.15147038
14240,0.15139697
14245,0.15145499
14250,0.15145812
14255,0.15146996
14260,0.15147723
14265,0.15144073
14270,0.15149120
14275,0.15145085
14280,0.15146340
14285,0.15145855
14290,0.15154009
14295,0.15149148
14300,0.15155877
14305,0.15147452
14310,0.15148079
14315,0.15148350
14320,0.15142120
14325,0.15137459
14330,0.15147822
14335,0.15144658
14340,0.15148607
14345,0.15140851
14350,0.15145784
14355,0.15139668
14360,0.15138984
14365,0.15142605
14370,0.15142434
14375,0.15149334
14380,0.15148607
14385,0.15151700
14390,0.15137202
14395,0.15144202
14400,0.15143275
14405,0.15144373
14410,0.15142163
14415,0.15144373
14420,0.15153938
14425,0.15150360
14430,0.15153924
14435,0.15107565
14440,0.15201709
14445,0.15091028
14450,0.15182763
14455,0.15093309
14460,0.15150916
14465,0.15128506
14470,0.15133866
14475,0.15163161
14480,0.15117700
14485,0.15184374
14490,0.15119696
14495,0.15171316
14500,0.15130060
14505,0.15160025
14510,0.15161764
14515,0.15123445
14520,0.15169377
14525,0.15125755
14530,0.15169377
14535,0.15130759
14540,0.15147994
14545,0.15146269
14550,0.15139440
14555,0.15147965
14560,0.15140025
14565,0.15161080
14570,0.15138670
14575,0.15155036
14580,0.15136375
14585,0.15157374
14590,0.15150588
14595,0.15145057
14600,0.15153553
14605,0.15153197
14610,0.15145256
14615,0.15144173
14620,0.15142562
14625,0.15138114
14630,0.15146996
14635,0.15146511
14640,0.15154309
14645,0.15143646
14650,0.15159013
14655,0.15144073
14660,0.15154836
14665,0.15148607
14670,0.15150089
14675,0.15148607
14680,0.15133353
14685,0.15151116
14690,0.15139640
14695,0.15148179
14700,0.15147138
14705,0.15148550
14710,0.15150360
14715,0.15138542
14720,0.15154665
14725,0.15136860
14730,0.15149533
14735,0.15147894
14740,0.15142120
14745,0.15147994
14750,0.15145000
14755,0.15146112
14760,0.15142063
14765,0.15157203
14770,0.15149633
14775,0.15146112
14780,0.15150331
14785,0.15145855
14790,0.15148949
14795,0.15149989
14800,0.15144772
14805,0.15153339
14810,0.15140424
14815,0.15146055
14820,0.15143346
14825,0.15138984
14830,0.15150089
14835,0.15141179
14840,0.15145014
14845,0.15142790
14850,0.15145955
14855,0.15149861
14860,0.15148122
14865,0.15156447
14870,0.15149077
14875,0.15148222
14880,0.15150445
14885,0.15149505
14890,0.15148607
14895,0.15143418
14900,0.15144458
14905,0.15144501
14910,0.15152142
14915,0.15145385
14920,0.15149790
14925,0.15149148
14930,0.15156604
14935,0.15212500
14940,0.15152498
14945,0.15122761
14950,0.15122519
14955,0.15237647
14960,0.15036173
14965,0.15192699
14970,0.15133581
14975,0.15158144
14980,0.15153682
14985,0.15157630
14990,0.15192043
14995,0.15134536
15000,0.15186313
15005,0.15152498
15010,0.15164373
15015,0.15160396
15020,0.15140124
15025,0.15185785
15030,0.15120352
15035,0.15169106
15040,0.15116446
15045,0.15176220
15050,0.15136047
15055,0.15149462
15060,0.15144273
15065,0.15146782
15070,0.15175065
15075,0.15125028
15080,0.15171943
15085,0.15140124
15090,0.15173497
15095,0.15135819
15100,0.15163390
15105,0.15157958
15110,0.15136760
15115,0.15170888
15120,0.15141835
15125,0.15152227
15130,0.15132883
15135,0.15159141
15140,0.15137943
15145,0.15134465
15150,0.15161408
15155,0.15133054
15160,0.15157516
15165,0.15137630
15170,0.15159598
15175,0.15146967
15180,0.15142363
15185,0.15160724
15190,0.15148222
15195,0.15160168
15200,0.15145741
15205,0.15151016
15210,0.15142534
15215,0.15150488
15220,0.15150260
15225,0.15151016
15230,0.15148949
15235,0.15143246
15240,0.15151572
15245,0.15148635
15250,0.15149790
15255,0.15154936
15260,0.15148051
15265,0.15153126
15270,0.15146782
15275,0.15146083
15280,0.15150232
15285,0.15153083
15290,0.15140581
15295,0.15149961
15300,0.15159213
15305,0.15142633
15310,0.15147423
15315,0.15140823
15320,0.15151486
15325,0.15149775
15330,0.15143418
15335,0.15150959
15340,0.15145499
15345,0.15146340
15350,0.15147594
15355,0.15144729
15360,0.15142605
15365,0.15146511
15370,0.15144073
15375,0.15150232
15380,0.15149676
15385,0.15151044
15390,0.15146340
15395,0.15152071
15400,0.15139469
15405,0.15145984
15410,0.15141251
15415,0.15151386
15420,0.15145741
15425,0.15155107
15430,0.15147452
15435,0.15150545
15440,0.15147267
15445,0.15145128
15450,0.15144002
15455,0.15142919
15460,0.15146639
15465,0.15147195
15470,0.15146782
15475,0.15146183
15480,0.15151771
15485,0.15148635
15490,0.15145499
15495,0.15147865
15500,0.15145000
15505,0.15141906
15510,0.15149861
15515,0.15154637
15520,0.15150688
15525,0.15147038
15530,0.15148150
15535,0.15147095
15540,0.15144800
15545,0.15145285
15550,0.15161251
15555,0.15151044
15560,0.15151415
15565,0.15147366
15570,0.15152156
15575,0.15157830
15580,0.15154109
15585,0.15154409
15590,0.15154523
15595,0.15156248
15600,0.15146711
15605,0.15145984
15610,0.15159398
15615,0.15148749
15620,0.15152669
15625,0.15146639
15630,0.15156803
15635,0.15152669
15640,0.15153083
15645,0.15160724
15650,0.15147594
15655,0.15154166
15660,0.15155977
15665,0.15147309
15670,0.15152427
15675,0.15150973
15680,0.15149533
15685,0.15149633
15690,0.15156333
15695,0.15154066
15700,0.15155848
15705,0.15157588
15710,0.15162206
15715,0.15157274
15720,0.15155720
15725,0.15157759
15730,0.15150232
15735,0.15151344
15740,0.15150716
15745,0.15151044
15750,0.15154038
15755,0.15155392
15760,0.15157231
15765,0.15159640
15770,0.15156404
15775,0.15160424
15780,0.15154936
15785,0.15157659
15790,0.15154380
15795,0.15153382
15800,0.15153054
15805,0.15152669
15810,0.15151999
15815,0.15156404
15820,0.15153924
15825,0.15150916
15830,0.15155007
15835,0.15149433
15840,0.15151215
15845,0.15153297
15850,0.15149234
15855,0.15148806
15860,0.15147623
15865,0.15150360
15870,0.15152399
15875,0.15148450
15880,0.15148122
15885,0.15149006
15890,0.15155592
15895,0.15156376
15900,0.15153810
15905,0.15165842
15910,0.15163946
15915,0.15166184
15920,0.15166312
15925,0.14875612
15930,0.13434674
15935,0.12145144
15940,0.10941717
15945,0.09965924
15950,0.08916529
15955,0.07463245
15960,0.06321274
15965,0.05374619
15970,0.04767759
15975,0.04443217
15980,0.04236397
15985,0.04165704
15990,0.04151748
15995,0.04157664
16000,0.04167243
16005,0.04206104
16010,0.04412610
16015,0.04957059
16020,0.05752377
16025,0.06601025
16030,0.07440806
16035,0.08041778
16040,0.08537045
16045,0.08886677
16050,0.09021050
16055,0.09036903
16060,0.09036503
16065,0.09032754
16070,0.09029761
16075,0.09042790
16080,0.09036603
16085,0.09046069
16090,0.09050616
16095,0.09040224
16100,0.09036803
16105,0.09039697
16110,0.09051671
16115,0.09045656
16120,0.09044572
16125,0.09043745
16130,0.09039597
16135,0.09051914
16140,0.09040082
16145,0.09052926
16150,0.09047038
16155,0.09055021
16160,0.09021763
16165,0.08868031
16170,0.08852036
16175,0.08854374
16180,0.08858095
16185,0.08857225
16190,0.08844937
16195,0.08852379
16200,0.08846676
16205,0.08845493
16210,0.08851281
16215,0.08862700
16220,0.08890427
16225,0.08926222
16230,0.08961819
16235,0.08973266
16240,0.08967350
16245,0.08975504
16250,0.08981035
16255,0.08981078
16260,0.08973266
16265,0.08981805
16270,0.08988277
16275,0.08982774
16280,0.08990116
16285,0.08985440
16290,0.08991869
16295,0.08997714
16300,0.08991342
16305,0.09000551
16310,0.08995319
16315,0.09646471
16320,0.08703864
16325,0.08671276
16330,0.08687370
16335,0.08676023
16340,0.08674968
16345,0.08663891
16350,0.08665174
16355,0.08657448
16360,0.08662138
16365,0.08670036
16370,0.08678004
16375,0.08728426
16380,0.08806604
16385,0.08875473
16390,0.09002062
16395,0.09075222
16400,0.09094866
16405,0.09101580
16410,0.09099313
16415,0.09102079
16420,0.09112514
16425,0.09111844
16430,0.09109606
16435,0.09105372
16440,0.09111687
16445,0.09112899
16450,0.09113740
16455,0.09113070
16460,0.09112828
16465,0.09111017
16470,0.09115408
16475,0.09073097
16480,0.08696323
16485,0.08668795
16490,0.08678161
16495,0.08660470
16500,0.08667698
16505,0.08659144
16510,0.08660627
16515,0.08663093
16520,0.08666586
16525,0.08681297
16530,0.08698304
16535,0.08731691
16540,0.08791365
16545,0.08840988
16550,0.08917270
16555,0.08992753
16560,0.09131816
16565,0.09194655
16570,0.09216665
16575,0.09203237
16580,0.09207285
16585,0.09219160
16590,0.09210179
16595,0.09232190
16600,0.09207841
16605,0.09227058
16610,0.09223479
16615,0.09215995
16620,0.09207285
16625,0.09211134
16630,0.09218077
16635,0.09206302
16640,0.09210564
16645,0.09204562
16650,0.09211106
16655,0.09208668
16660,0.09216865
16665,0.09204120
16670,0.09220386
16675,0.09212545
16680,0.09207314
16685,0.09218020
16690,0.09211134
16695,0.09212061
16700,0.09216623
16705,0.09207214
16710,0.09210521
16715,0.09215083
16720,0.09207784
16725,0.09217421
16730,0.09212089
16735,0.09209480
16740,0.09224392
16745,0.09251734
16750,0.09261513
16755,0.09257194
16760,0.09252817
16765,0.09265063
16770,0.09262525
16775,0.09262768
16780,0.09263010
16785,0.09270979
16790,0.09261898
16795,0.09276482
16800,0.09273517
16805,0.09275028
16810,0.09262141
16815,0.09278934
16820,0.09273459
16825,0.09264963
16830,0.09285292
16835,0.09271079
16840,0.09128224
16845,0.09091345
16850,0.09105073
16855,0.09103006
16860,0.09079242
16865,0.09087168
16870,0.09083989
16875,0.09091844
16880,0.09099285
16885,0.09116491
16890,0.09143663
16895,0.09182153
16900,0.09204463
16905,0.09224819
16910,0.09239717
16915,0.09228954
16920,0.09241071
16925,0.09230550
16930,0.09233202
16935,0.09241000
16940,0.09232361
16945,0.09247956
16950,0.09240244
16955,0.09232845
16960,0.09239303
16965,0.09241727
16970,0.09245248
16975,0.09247557
16980,0.09253445
16985,0.09247614
16990,0.09246303
16995,0.09252746
17000,0.09259660
17005,0.09261513
17010,0.09260786
17015,0.09260686
17020,0.09244236
17025,0.09253046
17030,0.09245419
17035,0.09245447
17040,0.09247001
17045,0.09258021
17050,0.09250123
17055,0.09241470
17060,0.09252162
17065,0.09251534
17070,0.09265690
17075,0.09244620
17080,0.09256182
17085,0.09255284
17090,0.09250480
17095,0.09251563
17100,0.09246018
17105,0.09268213
17110,0.09247229
17115,0.09254400
17120,0.09253815
17125,0.09255740
17130,0.09253502
17135,0.09264863
17140,0.09261314
17145,0.09224520
17150,0.09202837
17155,0.09163064
17160,0.09154768
17165,0.09143620
17170,0.09128851
17175,0.09106456
17180,0.09100525
17185,0.09086612
17190,0.09069676
17195,0.09064530
17200,0.09051572
17205,0.09044772
17210,0.09039440
17215,0.09044857
17220,0.09051244
17225,0.09066483
17230,0.09074010
17235,0.09083746
17240,0.09090689
17245,0.09097574
17250,0.09117275
17255,0.09127397
17260,0.09136164
17265,0.09145573
17270,0.09160270
17275,0.09186600
17280,0.09194227
17285,0.09200842
17290,0.09203436
17295,0.09203864
17300,0.09202780
17305,0.09190478
17310,0.09171561
17315,0.09143720
17320,0.09110661
17325,0.09072427
17330,0.09005084
17335,0.08883484
17340,0.08434705
17345,0.07077731
17350,0.04986468
17355,0.02391713
17360,-0.01232495
17365,-0.05215842
17370,-0.09670472
17375,-0.14061037
17380,-0.20105669
17385,-0.24930530
17390,-0.29347425
17395,-0.33047008
17400,-0.37551055
17405,-0.39711408
17410,-0.40555337
17415,-0.40574062
17420,-0.40519848
17425,-0.40447202
17430,-0.40286712
17435,-0.39934194
17440,-0.38162654
17445,-0.33502566
17450,-0.28272954
17455,-0.22921642
17460,-0.18137260
17465,-0.13217001
17470,-0.08928413
17475,-0.05048667
17480,-0.02179178
17485,0.00099873
17490,0.02367806
17495,0.03743169
17500,0.04697351
17505,0.05598303
17510,0.06207971
17515,0.06593056
17520,0.06837996
17525,0.07109906
17530,0.07155367
17535,0.07146928
17540,0.07149879
17545,0.07071673
17550,0.07032826
17555,0.06922046
17560,0.06561566
17565,0.05466410
17570,0.03044290
17575,-0.00804443
17580,-0.05504660
17585,-0.10485192
17590,-0.14743016
17595,-0.22009892
17600,-0.27674840
17605,-0.32847608
17610,-0.37877942
17615,-0.41888596
17620,-0.43900035
17625,-0.45245169
17630,-0.45959979
17635,-0.46232161
17640,-0.46202809
17645,-0.46114339
17650,-0.45908224
17655,-0.45093897
17660,-0.43251821
17665,-0.38436019
17670,-0.34079133
17675,-0.29169701
17680,-0.24469212
17685,-0.19890973
17690,-0.14966437
17695,-0.10244130
17700,-0.06102025
17705,-0.03375306
17710,-0.01077465
17715,0.00821391
17720,0.02561781
17725,0.03498529
17730,0.04148056
17735,0.04557133
17740,0.04729896
17745,0.04731864
17750,0.04682939
17755,0.04588624
17760,0.04443802
17765,0.03978044
17770,0.02364641
17775,-0.01322633
17780,-0.06939340
17785,-0.12354510
17790,-0.19139676
17795,-0.26194200
17800,-0.32101080
17805,-0.38026022
17810,-0.43002505
17815,-0.45604103
17820,-0.47148801
17825,-0.48532126
17830,-0.49182130
17835,-0.49252859
17840,-0.49186043
17845,-0.49064079
17850,-0.48775910
17855,-0.47553203
17860,-0.45124596
17865,-0.39216889
17870,-0.33880681
17875,-0.28024929
17880,-0.22787875
17885,-0.17417646
17890,-0.11937834
17895,-0.07222869
17900,-0.03949820
17905,-0.01415650
17910,0.00489336
17915,0.02212620
17920,0.02954194
17925,0.03366109
17930,0.03497973
17935,0.03501950
17940,0.03440495
17945,0.03352253
17950,0.03160088
17955,0.02487553
17960,0.00539045
17965,-0.03451958
17970,-0.09445890
17975,-0.13943913
17980,-0.21317727
17985,-0.27623948
17990,-0.33817322
17995,-0.39168755
18000,-0.42989611
18005,-0.44963978
18010,-0.45863847
18015,-0.46201526
18020,-0.46216366
18025,-0.46137304
18030,-0.45995540
18035,-0.45383349
18040,-0.43759226
18045,-0.39179646
18050,-0.34359240
18055,-0.29535905
18060,-0.24448976
18065,-0.20216213
18070,-0.15548627
18075,-0.11119258
18080,-0.07112816
18085,-0.04121770
18090,-0.01664296
18095,0.00107671
18100,0.01696739
18105,0.02609424
18110,0.02891698
18115,0.02999043
18120,0.03002036
18125,0.02964017
18130,0.02891784
18135,0.02730838
18140,0.02062822
18145,-0.00198396
18150,-0.04915363
18155,-0.11266226
18160,-0.16958046
18165,-0.26130014
18170,-0.33117117
18175,-0.41391519
18180,-0.45852827
18185,-0.48608557
18190,-0.50729457
18195,-0.52547712
18200,-0.53640701
18205,-0.54109196
18210,-0.54149161
18215,-0.54073692
18220,-0.53954466
18225,-0.53645469
18230,-0.52251189
18235,-0.49330730
18240,-0.44849948
18245,-0.38509549
18250,-0.33124687
18255,-0.27500573
18260,-0.22613144
18265,-0.18350152
18270,-0.13800766
18275,-0.09919652
18280,-0.07167002
18285,-0.04900666
18290,-0.03155343
18295,-0.02237712
18300,-0.01787706
18305,-0.01612748
18310,-0.01604850
18315,-0.01665450
18320,-0.01742473
18325,-0.01973356
18330,-0.03097593
18335,-0.06192463
18340,-0.11297774
18345,-0.16298798
18350,-0.24376572
18355,-0.31710435
18360,-0.40968592
18365,-0.47142721
18370,-0.50659512
18375,-0.53871819
18380,-0.56686574
18385,-0.58192090
18390,-0.58875017
18395,-0.58896900
18400,-0.58758029
18405,-0.58477130
18410,-0.57190558
18415,-0.53810299
18420,-0.48811577
18425,-0.41930144
18430,-0.34442899
18435,-0.27914911
18440,-0.22175548
18445,-0.17135671
18450,-0.11816441
18455,-0.07339480
18460,-0.03922919
18465,-0.01636426
18470,0.00274305
18475,0.01722471
18480,0.02571247
18485,0.02854548
18490,0.02880807
18495,0.02846023
18500,0.02778267
18505,0.02631890
18510,0.02132176
18515,0.00400866
18520,-0.03834022
18525,-0.10682004
18530,-0.17176463
18535,-0.26637883
18540,-0.33720890
18545,-0.42397549
18550,-0.46880903
18555,-0.49728781
18560,-0.52086787
18565,-0.54016713
18570,-0.54716119
18575,-0.54745408
18580,-0.54623579
18585,-0.54350942
18590,-0.53029529
18595,-0.49511611
18600,-0.43718234
18605,-0.36311369
18610,-0.30678866
18615,-0.24363336
18620,-0.19393232
18625,-0.14479388
18630,-0.10362045
18635,-0.06779479
18640,-0.04225665
18645,-0.02444973
18650,-0.01194361
18655,-0.00501997
18660,-0.00182401
18665,-0.00160818
18670,-0.00184283
18675,-0.00269446
18680,-0.00432344
18685,-0.01259965
18690,-0.04063009
18695,-0.09677935
18700,-0.15723514
18705,-0.25264723
18710,-0.34111935
18715,-0.44521642
18720,-0.49230228
18725,-0.52721915
18730,-0.56018351
18735,-0.58913871
18740,-0.60154219
18745,-0.60717592
18750,-0.60699958
18755,-0.60562207
18760,-0.60375038
18765,-0.59607362
18770,-0.57232576
18775,-0.53046636
18780,-0.48172472
18785,-0.42141754
18790,-0.35746585
18795,-0.29713593
18800,-0.23464979
18805,-0.18171901
18810,-0.12344702
18815,-0.07032087
18820,-0.02645207
18825,0.00188629
18830,0.02779934
18835,0.04676124
18840,0.05955890
18845,0.06948305
18850,0.07411497
18855,0.07479468
18860,0.07548564
18865,0.07566156
18870,0.07619315
18875,0.07638531
18880,0.07667456
18885,0.07697592
18890,0.07725618
18895,0.07749511
18900,0.07762669
18905,0.07785577
18910,0.07793104
18915,0.07835016
18920,0.07842871
18925,0.07873178
18930,0.07870840
18935,0.07893250
18940,0.07901347
18945,0.07922958
18950,0.07933222
18955,0.07943187
18960,0.07951227
18965,0.07965754
18970,0.07976274
18975,0.07985740
18980,0.08001749
18985,0.07997101
18990,0.08013495
18995,0.08016560
19000,0.08022876
19005,0.08033268
19010,0.08048863
19015,0.08053368
19020,0.08068807
19025,0.08066227
19030,0.08071287
19035,0.08077032
19040,0.08084132
19045,0.08098373
19050,0.08101965
19055,0.08101894
19060,0.08110676
19065,0.08120883
19070,0.08124703
19075,0.08120156
19080,0.08133028
19085,0.08136549
19090,0.08139600
19095,0.08141710
19100,0.08153642
19105,0.08158446
19110,0.08164804
19115,0.08169152
19120,0.08163350
19125,0.08173258
19130,0.08179530
19135,0.08171832
19140,0.08190493
19145,0.08188311
19150,0.08188126
19155,0.08193059
19160,0.08193814
19165,0.08198547
19170,0.08207927
19175,0.08202439
19180,0.08212731
19185,0.08217207
19190,0.08212332
19195,0.08223295
19200,0.08233259
19205,0.08228526
19210,0.08222682
19215,0.08227799
19220,0.08247016
19225,0.08238762
19230,0.08244379
19235,0.08240344
19240,0.08242511
19245,0.08254286
19250,0.08259019
19255,0.08245433
19260,0.08260901
19265,0.08248527
19270,0.08268756
19275,0.08275769
19280,0.08270010
19285,0.08270609
19290,0.08261200
19295,0.08278407
19300,0.08282085
19305,0.08274786
19310,0.08289825
19315,0.08278207
19320,0.08291265
19325,0.08292021
19330,0.08284822
19335,0.08292577
19340,0.08297381
19345,0.08288671
19350,0.08298079
19355,0.08305606
19360,0.08302128
19365,0.08310182
19370,0.08312848
19375,0.08297281
19380,0.08307816
19385,0.08315913
19390,0.08313204
19395,0.08299391
19400,0.08308329
19405,0.08319534
19410,0.08314202
19415,0.08321102
19420,0.08330226
19425,0.08316469
19430,0.08320019
19435,0.08313376
19440,0.08324823
19445,0.08330311
19450,0.08329883
19455,0.08339192
19460,0.08335358
19465,0.08343284
19470,0.08343968
19475,0.08330853
19480,0.08344467
19485,0.08342158
19490,0.08349428
19495,0.08339820
19500,0.08348473
19505,0.08344396
19510,0.08364710
19515,0.08347190
19520,0.08356769
19525,0.08339036
19530,0.08365551
19535,0.08351965
19540,0.08356171
19545,0.08367989
19550,0.08352493
19555,0.08355244
19560,0.08371866
19565,0.08361231
19570,0.08365451
19575,0.08366506
19580,0.08365309
19585,0.08359635
19590,0.08369799
19595,0.08368017
19600,0.08377397
19605,0.08369528
19610,0.08380876
19615,0.08372137
19620,0.08369756
19625,0.08385195
19630,0.08394076
19635,0.08376485
19640,0.08390798
19645,0.08394561
19650,0.08394105
19655,0.08382201
19660,0.08399080
19665,0.08377355
19670,0.08390484
19675,0.08404483
19680,0.08400449
19685,0.08384283
19690,0.08401746
19695,0.08407035
19700,0.08392009
19705,0.08396414
19710,0.08394148
19715,0.08405039
19720,0.08392195
19725,0.08406878
19730,0.08402601
19735,0.08396443
19740,0.08412922
19745,0.08406550
19750,0.08410000
19755,0.08403884
19760,0.08414276
19765,0.08422459
19770,0.08407562
19775,0.08413578
19780,0.08405424
19785,0.08423457
19790,0.08417142
19795,0.08407377
19800,0.08422402
19805,0.08416515
19810,0.08425310
19815,0.08426508
19820,0.08422146
19825,0.08432210
19830,0.08416016
19835,0.08419052
19840,0.08420135
19845,0.08421319
19850,0.08425695
19855,0.08429943
19860,0.08432281
19865,0.08425210
19870,0.08425324
19875,0.08424583
19880,0.08421091
19885,0.08427962
19890,0.08444441
19895,0.08436772
19900,0.08440792
19905,0.08438653
19910,0.08446095
19915,0.08433051
19920,0.08438169
19925,0.08440036
19930,0.08443885
19935,0.08447335
19940,0.08432338
19945,0.08449801
19950,0.08443814
19955,0.08439808
19960,0.08437399
19965,0.08455033
19970,0.08445924
19975,0.08450628
19980,0.08455404
19985,0.08457314
19990,0.08451441
19995,0.08461491
20000,0.08447050
20005,0.08460179
20010,0.08451227
20015,0.08459410
20020,0.08464912
20025,0.08452610
20030,0.08467835
